{
	"info": {
		"_postman_id": "8dc23c21-42d2-4deb-8235-31cc5badf2ad",
		"name": "propertymgr",
		"schema": "https://schema.getpostman.com/json/collection/v2.1.0/collection.json"
	},
	"item": [
		{
			"name": "get all types",
			"request": {
				"auth": {
					"type": "bearer",
					"bearer": [
						{
							"key": "token",
							"value": "{{accessToken}}",
							"type": "string"
						}
					]
				},
				"method": "GET",
				"header": [],
				"url": {
					"raw": "https://localhost:5001/api/propertytype",
					"protocol": "https",
					"host": [
						"localhost"
					],
					"port": "5001",
					"path": [
						"api",
						"propertytype"
					]
				}
			},
			"response": []
		},
		{
			"name": "get type by id",
			"request": {
				"auth": {
					"type": "bearer",
					"bearer": [
						{
							"key": "token",
							"value": "{{accessToken}}",
							"type": "string"
						}
					]
				},
				"method": "GET",
				"header": [],
				"url": {
					"raw": "https://localhost:5001/api/propertytype/1",
					"protocol": "https",
					"host": [
						"localhost"
					],
					"port": "5001",
					"path": [
						"api",
						"propertytype",
						"1"
					]
				}
			},
			"response": []
		},
		{
			"name": "get all properties",
			"request": {
				"auth": {
					"type": "noauth"
				},
				"method": "GET",
				"header": [
					{
						"key": "Authorization",
						"value": "bearer {{accessToken}}",
						"type": "text"
					},
					{
						"key": "Content-Type",
						"value": "application/json",
						"type": "text"
					}
				],
				"url": {
					"raw": "https://localhost:5001/api/property",
					"protocol": "https",
					"host": [
						"localhost"
					],
					"port": "5001",
					"path": [
						"api",
						"property"
					]
				}
			},
			"response": []
		},
		{
			"name": "get all paged properties",
			"request": {
				"auth": {
					"type": "bearer",
					"bearer": [
						{
							"key": "token",
							"value": "{{accessToken}}",
							"type": "string"
						}
					]
				},
				"method": "GET",
				"header": [],
				"url": {
					"raw": "https://localhost:5001/api/property/paged",
					"protocol": "https",
					"host": [
						"localhost"
					],
					"port": "5001",
					"path": [
						"api",
						"property",
						"paged"
					]
				}
			},
			"response": []
		},
		{
			"name": "get property by id",
			"request": {
				"auth": {
					"type": "bearer",
					"bearer": [
						{
							"key": "token",
							"value": "{{accessToken}}",
							"type": "string"
						}
					]
				},
				"method": "GET",
				"header": [],
				"url": {
					"raw": "https://localhost:5001/api/property/1",
					"protocol": "https",
					"host": [
						"localhost"
					],
					"port": "5001",
					"path": [
						"api",
						"property",
						"1"
					]
				}
			},
			"response": []
		},
		{
			"name": "create property",
			"request": {
				"auth": {
					"type": "bearer",
					"bearer": [
						{
							"key": "token",
							"value": "{{accessToken}}",
							"type": "string"
						}
					]
				},
				"method": "POST",
				"header": [
					{
						"key": "Content-Type",
						"value": "application/json",
						"type": "text"
					}
				],
				"body": {
					"mode": "raw",
					"raw": "{\r\n    \"typeId\": \"3\",\r\n    \"isSold\": false,\r\n    \"address\": \"d\",\r\n    \"area\": \"d\",\r\n    \"ownerName\": \"d\",\r\n    \"ownerContact\": \"d\",\r\n    \"estimateValue\": \"d\"\r\n}",
					"options": {
						"raw": {
							"language": "json"
						}
					}
				},
				"url": {
					"raw": "http://localhost:5004/api/property",
					"protocol": "http",
					"host": [
						"localhost"
					],
					"port": "5004",
					"path": [
						"api",
						"property"
					]
				}
			},
			"response": []
		},
		{
			"name": "create property 400",
			"request": {
				"auth": {
					"type": "bearer",
					"bearer": [
						{
							"key": "token",
							"value": "{{accessToken}}",
							"type": "string"
						}
					]
				},
				"method": "POST",
				"header": [
					{
						"key": "Content-Type",
						"value": "application/json",
						"type": "text"
					}
				],
				"body": {
					"mode": "raw",
					"raw": "{\r\n    \"typeId\": 2,\r\n    \"ownerName\": \"Rony May dew d wed ew dwedwe dwed wedew dwed wedew dwe dwedwe dwe dwed we dwed wedwedwed wedwedewdwed wedwedwe dwedwedwedw edwe dewdewd\",\r\n    \"ownerContact\": \"ronydanielm@hexaware.com\",\r\n    \"estimateValue\": \"500,000-700,00\",\r\n    \"isSold\": false\r\n}",
					"options": {
						"raw": {
							"language": "json"
						}
					}
				},
				"url": {
					"raw": "https://localhost:5004/api/property",
					"protocol": "https",
					"host": [
						"localhost"
					],
					"port": "5004",
					"path": [
						"api",
						"property"
					]
				}
			},
			"response": []
		},
		{
			"name": "update property",
			"request": {
				"auth": {
					"type": "bearer",
					"bearer": [
						{
							"key": "token",
							"value": "{{accessToken}}",
							"type": "string"
						}
					]
				},
				"method": "PUT",
				"header": [
					{
						"key": "Content-Type",
						"value": "application/json",
						"type": "text"
					}
				],
				"body": {
					"mode": "raw",
					"raw": "{\r\n    \"typeId\": 2,\r\n    \"area\": \"area  upd\",\r\n    \"address\": \"address  upd\",\r\n    \"ownerName\": \"Rony May upd\",\r\n    \"ownerContact\": \"ronydanielm@hexaware.com\",\r\n    \"estimateValue\": \"500,000-700,00\",\r\n    \"isSold\": true\r\n}",
					"options": {
						"raw": {
							"language": "json"
						}
					}
				},
				"url": {
					"raw": "https://localhost:5001/api/property/1",
					"protocol": "https",
					"host": [
						"localhost"
					],
					"port": "5001",
					"path": [
						"api",
						"property",
						"1"
					]
				}
			},
			"response": []
		},
		{
			"name": "update property Copy",
			"request": {
				"auth": {
					"type": "bearer",
					"bearer": [
						{
							"key": "token",
							"value": "{{accessToken}}",
							"type": "string"
						}
					]
				},
				"method": "DELETE",
				"header": [
					{
						"key": "Content-Type",
						"value": "application/json",
						"type": "text"
					}
				],
				"url": {
					"raw": "https://localhost:5001/api/property/3",
					"protocol": "https",
					"host": [
						"localhost"
					],
					"port": "5001",
					"path": [
						"api",
						"property",
						"3"
					]
				}
			},
			"response": []
		},
		{
			"name": "login",
			"event": [
				{
					"listen": "test",
					"script": {
						"exec": [
							"var jsonData = pm.response.json();\r",
							"pm.globals.set(\"accessToken\", jsonData.accessToken);"
						],
						"type": "text/javascript"
					}
				}
			],
			"request": {
				"method": "POST",
				"header": [
					{
						"key": "Content-Type",
						"value": "application/json",
						"type": "text"
					}
				],
				"body": {
					"mode": "raw",
					"raw": "{\r\n    \"email\": \"ronydanielm@hexaware.com\",\r\n    \"password\" : \"Welcome@123\"\r\n}",
					"options": {
						"raw": {
							"language": "json"
						}
					}
				},
				"url": {
					"raw": "http://localhost:5004/api/auth/login",
					"protocol": "http",
					"host": [
						"localhost"
					],
					"port": "5004",
					"path": [
						"api",
						"auth",
						"login"
					]
				}
			},
			"response": []
		},
		{
			"name": "login Copy",
			"event": [
				{
					"listen": "test",
					"script": {
						"exec": [
							"var jsonData = pm.response.json();\r",
							"pm.globals.set(\"accessToken\", jsonData.accessToken);"
						],
						"type": "text/javascript"
					}
				}
			],
			"request": {
				"method": "POST",
				"header": [
					{
						"key": "Content-Type",
						"value": "application/json",
						"type": "text"
					}
				],
				"body": {
					"mode": "raw",
					"raw": "{\r\n    \"email\": \"\",\r\n    \"password\" : \"\"\r\n}",
					"options": {
						"raw": {
							"language": "json"
						}
					}
				},
				"url": {
					"raw": "http://localhost:5004/api/auth/login",
					"protocol": "http",
					"host": [
						"localhost"
					],
					"port": "5004",
					"path": [
						"api",
						"auth",
						"login"
					]
				}
			},
			"response": []
		},
		{
			"name": "register user 1",
			"request": {
				"method": "POST",
				"header": [
					{
						"key": "Content-Type",
						"value": "application/json",
						"type": "text"
					}
				],
				"body": {
					"mode": "raw",
					"raw": "{\r\n    \"email\": \"ronydanielm@hexaware.com\",\r\n    \"password\" : \"Welcome@123\",\r\n    \"roles\" : [\"seller\", \"buyer\"]\r\n}",
					"options": {
						"raw": {
							"language": "json"
						}
					}
				},
				"url": {
					"raw": "https://localhost:5001/api/auth/register",
					"protocol": "https",
					"host": [
						"localhost"
					],
					"port": "5001",
					"path": [
						"api",
						"auth",
						"register"
					]
				}
			},
			"response": []
		},
		{
			"name": "register user 1 Copy",
			"request": {
				"method": "POST",
				"header": [
					{
						"key": "Content-Type",
						"value": "application/json",
						"type": "text"
					}
				],
				"body": {
					"mode": "raw",
					"raw": "{\r\n    \"roles\": [\r\n        \"seller\",\r\n        \"buyer\"\r\n    ],\r\n    \"fullName\": \"rony daniel \",\r\n    \"email\": \"daniel@daniel.com\",\r\n    \"password\": \"hola\",\r\n    \"confirm\": \"hola\"\r\n}",
					"options": {
						"raw": {
							"language": "json"
						}
					}
				},
				"url": {
					"raw": "http://localhost:5004/api/auth/register",
					"protocol": "http",
					"host": [
						"localhost"
					],
					"port": "5004",
					"path": [
						"api",
						"auth",
						"register"
					]
				}
			},
			"response": []
		},
		{
			"name": "register user 2",
			"request": {
				"method": "POST",
				"header": [
					{
						"key": "Content-Type",
						"value": "application/json",
						"type": "text"
					}
				],
				"body": {
					"mode": "raw",
					"raw": "{\r\n    \"email\": \"rony.may@demo.com\",\r\n    \"password\" : \"Welcome@123\",\r\n    \"roles\" : [\"seller\", \"buyer\"]\r\n}",
					"options": {
						"raw": {
							"language": "json"
						}
					}
				},
				"url": {
					"raw": "https://localhost:5001/api/auth/register",
					"protocol": "https",
					"host": [
						"localhost"
					],
					"port": "5001",
					"path": [
						"api",
						"auth",
						"register"
					]
				}
			},
			"response": []
		}
	],
	"variable": [
		{
			"key": "accessToken",
			"value": ""
		}
	]
}